{"23" : {"ran": 0.38150218, "flew": 0, "cycled": 0, "walked": 2.3279467, "drove": 0.0000894744},"22" : {"ran": 0.31686133, "flew": 0, "cycled": 0, "walked": 1.2305479, "drove": 0.3927695},"21" : {"ran": 0, "flew": 0, "cycled": 0, "walked": 1.6337898, "drove": 0.005791333},"20" : {"ran": 0.00003810947, "flew": 0, "cycled": 0, "walked": 0.8480745, "drove": 0.0066140955},"19" : {"ran": 0, "flew": 0, "cycled": 0, "walked": 1.3560561, "drove": 0.63896525},"18" : {"ran": 0.12467534, "flew": 0, "cycled": 0, "walked": 2.6149218, "drove": 5.2778516},"17" : {"ran": 0, "flew": 0, "cycled": 0, "walked": 4.2839365, "drove": 0.72231895},"16" : {"ran": 0, "flew": 0, "cycled": 0, "walked": 1.6187788, "drove": 0.4465805},"15" : {"ran": 0, "flew": 0, "cycled": 0, "walked": 1.0314372, "drove": 0.51975554},"14" : {"ran": 0, "flew": 0, "cycled": 0, "walked": 1.4437244, "drove": 1.7369126},"13" : {"ran": 0, "flew": 0, "cycled": 0, "walked": 3.5962653, "drove": 0},"12" : {"ran": 0, "flew": 0, "cycled": 0, "walked": 1.8776182, "drove": 0},"11" : {"ran": 0, "flew": 0, "cycled": 0, "walked": 3.5866103, "drove": 0.82475144},"10" : {"ran": 0, "flew": 0, "cycled": 0, "walked": 3.0073922, "drove": 2.263299},"9" : {"ran": 0.060263656, "flew": 0, "cycled": 0, "walked": 3.7351527, "drove": 0.77362883},"8" : {"ran": 0, "flew": 0, "cycled": 0, "walked": 1.4665537, "drove": 0.6925528},"7" : {"ran": 0, "flew": 0, "cycled": 0, "walked": 2.0665433, "drove": 2.5172338},"6" : {"ran": 0, "flew": 0, "cycled": 0, "walked": 2.1037974, "drove": 1.5602393},"5" : {"ran": 0, "flew": 0, "cycled": 0, "walked": 1.2222726, "drove": 0.15540819},"4" : {"ran": 0, "flew": 27509.543, "cycled": 0, "walked": 0.73465055, "drove": 3234.666},"3" : {"ran": 0, "flew": 68773.99, "cycled": 0, "walked": 0.0014939867, "drove": 0.002981331},"2" : {"ran": 0, "flew": 192567.17, "cycled": 0, "walked": 6877.433, "drove": 0.0059693437},"1" : {"ran": 0, "flew": 247585.6, "cycled": 0, "walked": 0.08723168, "drove": 6881.3706}}