{


"23" : {"drove": 0.0000894744, "walked": 2.3279467, "flew": 0, "cycled": 0, "ran": 0.38150218},

"22" : {"drove": 0.3927695, "walked": 1.2305479, "flew": 0, "cycled": 0, "ran": 0.31686133},

"21" : {"drove": 0.005791333, "walked": 1.6337898, "flew": 0, "cycled": 0, "ran": 0},

"20" : {"drove": 0.0066140955, "walked": 0.8480745, "flew": 0, "cycled": 0, "ran": 0.00003810947},

"19" : {"drove": 0.63896525, "walked": 1.3560561, "flew": 0, "cycled": 0, "ran": 0},

"18" : {"drove": 5.2778516, "walked": 2.6149218, "flew": 0, "cycled": 0, "ran": 0.12467534},

"17" : {"drove": 0.72231895, "walked": 4.2839365, "flew": 0, "cycled": 0, "ran": 0},

"16" : {"drove": 0.4465805, "walked": 1.6187788, "flew": 0, "cycled": 0, "ran": 0},

"15" : {"drove": 0.51975554, "walked": 1.0314372, "flew": 0, "cycled": 0, "ran": 0},

"14" : {"drove": 1.7369126, "walked": 1.4437244, "flew": 0, "cycled": 0, "ran": 0},

"13" : {"drove": 0, "walked": 3.5962653, "flew": 0, "cycled": 0, "ran": 0},

"12" : {"drove": 0, "walked": 1.8776182, "flew": 0, "cycled": 0, "ran": 0},

"11" : {"drove": 0.82475144, "walked": 3.5866103, "flew": 0, "cycled": 0, "ran": 0},

"10" : {"drove": 2.263299, "walked": 3.0073922, "flew": 0, "cycled": 0, "ran": 0},

"9" : {"drove": 0.77362883, "walked": 3.7351527, "flew": 0, "cycled": 0, "ran": 0.060263656},

"8" : {"drove": 0.6925528, "walked": 1.4665537, "flew": 0, "cycled": 0, "ran": 0},

"7" : {"drove": 2.5172338, "walked": 2.0665433, "flew": 0, "cycled": 0, "ran": 0},

"6" : {"drove": 1.5602393, "walked": 2.1037974, "flew": 0, "cycled": 0, "ran": 0},

"5" : {"drove": 0.15540819, "walked": 1.2222726, "flew": 0, "cycled": 0, "ran": 0},

"4" : {"drove": 3234.666, "walked": 0.73465055, "flew": 27509.543, "cycled": 0, "ran": 0},

"3" : {"drove": 0.002981331, "walked": 0.0014939867, "flew": 68773.99, "cycled": 0, "ran": 0},

"2" : {"drove": 0.0059693437, "walked": 6877.433, "flew": 192567.17, "cycled": 0, "ran": 0},

"1" : {"drove": 6881.3706, "walked": 0.08723168, "flew": 247585.6, "cycled": 0, "ran": 0}, 

}
